Words,Count,Adjusted_Freq,Valence,Subjectivity,,
limited,3,0.000252164,-0.071428571,0.142857143,,
LIFE,1,8.40548E-05,0,0,,
suicidal,33,0.002773809,0,0,,
Describes,1,8.40548E-05,0,0,,11897
sleep,2,0.00016811,0,0,,
Described,1,8.40548E-05,0,0,,
captain,1,8.40548E-05,0,0,,
Delsum,1,8.40548E-05,0,0,,
worth,16,0.001344877,0.3,0.1,,
15yo,1,8.40548E-05,0,0,,
manic,2,0.00016811,0,0,,
Military,2,0.00016811,-0.1,0.1,,
34X,1,8.40548E-05,0,0,,
wooden,1,8.40548E-05,0,0,,
unrelated,1,8.40548E-05,0,0,,
34x,1,8.40548E-05,0,0,,
undercover,3,0.000252164,0,0,,
enjoy,5,0.000420274,0.4,0.5,,
tired,12,0.001008658,-0.4,0.7,,
consistent,6,0.000504329,0.25,0.25,,
Negative,3,0.000252164,-0.3,0.4,,
second,133,0.011179289,0,0,,
huffing,1,8.40548E-05,0,0,,
boycrazy,1,8.40548E-05,0,0,,
7th,18,0.001512986,0,0,,
blue,1,8.40548E-05,0,0.1,,
LSD,3,0.000252164,0,0,,
deferred,2,0.00016811,0,0,,
16yo,1,8.40548E-05,0,0,,
cooking,2,0.00016811,0,0,,
Visual,1,8.40548E-05,0,0,,
new,110,0.009246028,0.136363636,0.454545455,,
1212s,1,8.40548E-05,0,0,,
stern,1,8.40548E-05,0,0,,
med,6,0.000504329,0,0,,
inhaled,1,8.40548E-05,0,0,,
offagain,1,8.40548E-05,0,0,,
Intoxicated,1,8.40548E-05,0,0,,
friendher,1,8.40548E-05,0,0,,
active,40,0.003362192,-0.133333333,0.6,,
100,1,8.40548E-05,0,0,,
obtained,6,0.000504329,0,0,,
cyclical,1,8.40548E-05,0,0,,
changed,1,8.40548E-05,0,0,,
16yearsold,1,8.40548E-05,0,0,,
fulltime,8,0.000672438,0,0,,
smoke,2,0.00016811,0,0,,
stressed,8,0.000672438,0,0,,
Home,1,8.40548E-05,0,0,,
Alternative,4,0.000336219,0,0,,
golden,1,8.40548E-05,0.3,0.5,,
Binge,1,8.40548E-05,0,0,,
psychological,1,8.40548E-05,0,0.1,,
socioeconomic,2,0.00016811,0,0,,
total,1,8.40548E-05,0,0.75,,
sexual,46,0.003866521,0.5,0.833333333,,
negative,46,0.003866521,-0.3,0.4,,
call,1,8.40548E-05,0,0,,
calm,1,8.40548E-05,0.3,0.75,,
leaky,1,8.40548E-05,0,0,,
separated,13,0.001092712,0,0,,
standardized,1,8.40548E-05,0,0,,
successful,10,0.000840548,0.75,0.95,,
aware,11,0.000924603,0.25,0.25,,
freetime,1,8.40548E-05,0,0,,
locked,1,8.40548E-05,0,0,,
divorced,39,0.003278137,0,0,,
1996,2,0.00016811,0,0,,
ORU,1,8.40548E-05,0,0,,
addictive,1,8.40548E-05,0,0.9,,
give,1,8.40548E-05,0,0,,
Positive,4,0.000336219,0.227272727,0.545454545,,
want,6,0.000504329,0,0,,
counseling,1,8.40548E-05,0,0,,
Struggled,2,0.00016811,0,0,,
indifferent,5,0.000420274,0,0,,
illicit,1,8.40548E-05,0,0,,
hot,9,0.000756493,0.25,0.85,,
morbid,1,8.40548E-05,0,0,,
16lbs,1,8.40548E-05,0,0,,
Burglary,1,8.40548E-05,0,0,,
PTSD,2,0.00016811,0,0,,
insecure,6,0.000504329,-0.5,0.875,,
mouthy,3,0.000252164,0,0,,
wrong,18,0.001512986,-0.5,0.9,,
L5,1,8.40548E-05,0,0,,
lesbian,2,0.00016811,0,0,,
Tough,1,8.40548E-05,-0.388888889,0.833333333,,
third,15,0.001260822,0,0,,
Japanese,1,8.40548E-05,0,0,,
18th,4,0.000336219,0,0,,
green,1,8.40548E-05,-0.2,0.3,,
remorseful,1,8.40548E-05,0,0,,
35gXWeek,1,8.40548E-05,0,0,,
23xmonth,1,8.40548E-05,0,0,,
shipwrecked,1,8.40548E-05,0,0,,
sickly,1,8.40548E-05,-0.714285714,0.857142857,,
7day,1,8.40548E-05,0,0,,
35yo,1,8.40548E-05,0,0,,
fit,10,0.000840548,0.4,0.4,,
personal,10,0.000840548,0,0.3,,
recreational,3,0.000252164,0,0,,
writing,1,8.40548E-05,0,0,,
destroyed,1,8.40548E-05,0,0,,
easier,1,8.40548E-05,0,0,,
CHF,1,8.40548E-05,0,0,,
prevented,1,8.40548E-05,0,0,,
unemployed,14,0.001176767,0,0,,
safe,6,0.000504329,0.5,0.5,,
break,1,8.40548E-05,0,0,,
rental,4,0.000336219,0,0,,
saddened,2,0.00016811,0,0,,
structural,1,8.40548E-05,0,0,,
rocky,3,0.000252164,0,0,,
notified,1,8.40548E-05,0,0,,
addicted,1,8.40548E-05,-0.4,0.6,,
APC,1,8.40548E-05,0,0,,
bong,1,8.40548E-05,0,0,,
mean,10,0.000840548,-0.3125,0.6875,,
correctional,2,0.00016811,0,0,,
financial,29,0.002437589,0,0,,
marital,17,0.001428932,0,0,,
mandated,1,8.40548E-05,0,0,,
driving,3,0.000252164,0,0,,
restricted,1,8.40548E-05,0,0,,
content,2,0.00016811,0,0,,
hemorrhaging,1,8.40548E-05,0,0,,
threatened,1,8.40548E-05,0,0,,
fugitive,1,8.40548E-05,0,0,,
free,12,0.001008658,0.4,0.8,,
Lamictal,1,8.40548E-05,0,0,,
dishwashing,1,8.40548E-05,0,0,,
6pack,3,0.000252164,0,0,,
onagain,1,8.40548E-05,0,0,,
diabetic,1,8.40548E-05,0,0,,
longterm,2,0.00016811,0,0,,
hopeless,9,0.000756493,0,0,,
loud,2,0.00016811,0.1,0.8,,
Due,9,0.000756493,-0.125,0.375,,
hearing,1,8.40548E-05,0,0,,
sober,46,0.003866521,0.1,0.2,,
antibiotic,1,8.40548E-05,0,0,,
comic,1,8.40548E-05,0.25,0.5,,
caloric,1,8.40548E-05,0,0,,
Sonic,2,0.00016811,0,0,,
twisted,1,8.40548E-05,-0.5,1,,
tom,1,8.40548E-05,0,0,,
recent,20,0.001681096,0,0.25,,
49year,1,8.40548E-05,0,0,,
opiatesLortabs,1,8.40548E-05,0,0,,
jobrelated,1,8.40548E-05,0,0,,
predictable,1,8.40548E-05,-0.2,0.5,,
Muskogee,1,8.40548E-05,0,0,,
150mg,1,8.40548E-05,0,0,,
occassional,1,8.40548E-05,0,0,,
likely,5,0.000420274,0,1,,
Ecstasy,3,0.000252164,0,0,,
10th,21,0.001765151,0,0,,
legaldrug,1,8.40548E-05,0,0,,
5xweek,1,8.40548E-05,0,0,,
paddled,1,8.40548E-05,0,0,,
forced,3,0.000252164,-0.3,0.2,,
Christian,8,0.000672438,0,0,,
responsible,5,0.000420274,0.2,0.55,,
isolated,2,0.00016811,0,0,,
fitting,1,8.40548E-05,0.5,0.5,,
hurtful,2,0.00016811,0,0,,
Okemah,1,8.40548E-05,0,0,,
boyfriendlater,1,8.40548E-05,0,0,,
regular,11,0.000924603,0,0.076923077,,
schoolbased,1,8.40548E-05,0,0,,
hormonal,1,8.40548E-05,0,0,,
webcam,1,8.40548E-05,0,0,,
QT,1,8.40548E-05,0,0,,
Lakeside,2,0.00016811,0,0,,
medical,39,0.003278137,0,0,,
Acid,8,0.000672438,0,0,,
pkt,1,8.40548E-05,0,0,,
random,3,0.000252164,-0.5,0.5,,
ovarian,1,8.40548E-05,0,0,,
Suboxone,1,8.40548E-05,0,0,,
chargeslegal,1,8.40548E-05,0,0,,
enjoyed,19,0.001597041,0.5,0.7,,
busy,9,0.000756493,0.1,0.3,,
bipolar,1,8.40548E-05,0,0,,
hrs,1,8.40548E-05,0,0,,
upstairs,1,8.40548E-05,0,0,,
rich,1,8.40548E-05,0.375,0.75,,
sociallypopular,1,8.40548E-05,0,0,,
jailed,2,0.00016811,0,0,,
do,1,8.40548E-05,0,0,,
stop,2,0.00016811,0,0,,
fluid,1,8.40548E-05,0,0.1,,
blinking,1,8.40548E-05,0,0,,
understaffed,1,8.40548E-05,0,0,,
report,3,0.000252164,0,0,,
dt,4,0.000336219,0,0,,
infrequent,4,0.000336219,0,0,,
overbearing,1,8.40548E-05,0,0,,
Disabled,2,0.00016811,-0.2,0.3,,
19,2,0.00016811,0,0,,
bad,53,0.004454905,-0.7,0.666666667,,
18,5,0.000420274,0,0,,
mandatory,1,8.40548E-05,0,0,,
lortab,2,0.00016811,0,0,,
unmotivated,3,0.000252164,0,0,,
testing,1,8.40548E-05,0,0,,
LPCH,3,0.000252164,0,0,,
result,1,8.40548E-05,0,0,,
nontraditional,1,8.40548E-05,0,0,,
encephalopathy,1,8.40548E-05,0,0,,
sporadic,10,0.000840548,0,0,,
depressive,52,0.00437085,0,0,,
best,1,8.40548E-05,1,0.3,,
subject,492,0.041354963,-0.166666667,0.333333333,,
Controlled,2,0.00016811,0,0,,
inappropriate,13,0.001092712,0,0,,
paternal,56,0.004707069,0,0,,
unable,33,0.002773809,-0.5,0.5,,
finger,1,8.40548E-05,0,0,,
contraband,1,8.40548E-05,0,0,,
Ugandan,1,8.40548E-05,0,0,,
lethargic,2,0.00016811,0,0,,
lazy,2,0.00016811,-0.25,1,,
weak,1,8.40548E-05,-0.375,0.625,,
4xyear,2,0.00016811,0,0,,
adapting,1,8.40548E-05,0,0,,
ill,3,0.000252164,-0.5,1,,
30th,4,0.000336219,0,0,,
tough,7,0.000588384,-0.388888889,0.833333333,,
prepared,3,0.000252164,0,0,,
irresponsible,2,0.00016811,0,0,,
Paternal,1,8.40548E-05,0,0,,
38yearold,1,8.40548E-05,0,0,,
unprotected,1,8.40548E-05,0,0,,
250,1,8.40548E-05,0,0,,
speak,2,0.00016811,0,0,,
petty,12,0.001008658,0,0,,
jobless,1,8.40548E-05,0,0,,
Early,2,0.00016811,0.1,0.3,,
confident,3,0.000252164,0.5,0.833333333,,
much,63,0.005295453,0.2,0.2,,
basic,1,8.40548E-05,0,0.125,,
expected,1,8.40548E-05,-0.1,0.4,,
flexible,1,8.40548E-05,0,0,,
unsupportive,1,8.40548E-05,0,0,,
dry,1,8.40548E-05,-0.066666667,0.6,,
Parttime,1,8.40548E-05,0,0,,
Talented,1,8.40548E-05,0.7,0.9,,
extracurricular,9,0.000756493,0,0,,
Loratab,2,0.00016811,0,0,,
harms,1,8.40548E-05,0,0,,
ugly,5,0.000420274,-0.7,1,,
near,1,8.40548E-05,0.1,0.4,,
placemade,1,8.40548E-05,0,0,,
dizzy,1,8.40548E-05,0,0,,
faked,1,8.40548E-05,0,0,,
1814,1,8.40548E-05,0,0,,
recurrent,2,0.00016811,0,0,,
45year,1,8.40548E-05,0,0,,
1819,1,8.40548E-05,0,0,,
several,130,0.010927124,0,0,,
independent,4,0.000336219,0,0.125,,
myocardial,1,8.40548E-05,0,0,,
catholic,1,8.40548E-05,0,0.1,,
hang,2,0.00016811,0,0,,
beer12,1,8.40548E-05,0,0,,
military,27,0.00226948,-0.1,0.1,,
jealous,6,0.000504329,0,0,,
homeschooled,2,0.00016811,0,0,,
protected,1,8.40548E-05,0,0,,
prescribed,8,0.000672438,0,0,,
forceful,1,8.40548E-05,0,0,,
academic,7,0.000588384,0,0,,
pack24,1,8.40548E-05,0,0,,
corporate,1,8.40548E-05,0,0,,
musical,3,0.000252164,0,0,,
dads,1,8.40548E-05,0,0,,
left,3,0.000252164,0,0,,
seasonal,2,0.00016811,0,0,,
athletic,3,0.000252164,0,0,,
Laureate,3,0.000252164,0,0,,
sleepy,2,0.00016811,0,0,,
psych,7,0.000588384,0,0,,
human,6,0.000504329,0,0.1,,
previous,36,0.003025973,-0.166666667,0.166666667,,
teenaged,4,0.000336219,0,0,,
monitored,1,8.40548E-05,0,0,,
Closeknit,1,8.40548E-05,0,0,,
IOP,2,0.00016811,0,0,,
unwanted,1,8.40548E-05,0,0,,
innocent,1,8.40548E-05,0.5,0.7,,
5g,1,8.40548E-05,0,0,,
formal,3,0.000252164,0,0,,
insensitive,1,8.40548E-05,0,0,,
involuntary,2,0.00016811,0,0,,
possible,10,0.000840548,0,1,,
advanced,5,0.000420274,0.4,0.6,,
shoulder,3,0.000252164,0,0,,
57,1,8.40548E-05,0,0,,
56,2,0.00016811,0,0,,
manual,1,8.40548E-05,0,0,,
53,1,8.40548E-05,0,0,,
52,1,8.40548E-05,0,0,,
specific,6,0.000504329,0,0.125,,
nude,1,8.40548E-05,0,0,,
right,7,0.000588384,0.285714286,0.535714286,,
old,278,0.023367235,0.1,0.2,,
HS,15,0.001260822,0,0,,
easy,3,0.000252164,0.433333333,0.833333333,,
dead,10,0.000840548,-0.2,0.4,,
45XWeek,1,8.40548E-05,0,0,,
indirect,1,8.40548E-05,0,0,,
confusing,2,0.00016811,-0.3,0.4,,
Life,1,8.40548E-05,0,0,,
32mg,1,8.40548E-05,0,0,,
purple,1,8.40548E-05,0,0,,
opposite,2,0.00016811,0,0,,
creative,1,8.40548E-05,0.5,1,,
icy,1,8.40548E-05,-0.1,0.1,,
denied,1,8.40548E-05,0,0,,
intolerant,1,8.40548E-05,0,0,,
theological,1,8.40548E-05,0,0,,
core,2,0.00016811,0,0,,
dental,3,0.000252164,0,0,,
Daily,18,0.001512986,0,0,,
PCPlaced,1,8.40548E-05,0,0,,
graduated,13,0.001092712,0,0,,
First,2,0.00016811,0.25,0.333333333,,
anime,1,8.40548E-05,0,0,,
Use,21,0.001765151,0,0,,
45xweek,1,8.40548E-05,0,0,,
thankful,2,0.00016811,0,0,,
anorexic,1,8.40548E-05,0,0,,
seeked,1,8.40548E-05,0,0,,
support,1,8.40548E-05,0,0,,
initial,1,8.40548E-05,0,0,,
unfocused,1,8.40548E-05,-0.4,0.8,,
fight,1,8.40548E-05,0,0,,
virgin,1,8.40548E-05,0,0,,
fought,1,8.40548E-05,0,0,,
drinksday,1,8.40548E-05,0,0,,
happy,90,0.007564932,0.8,1,,
head,6,0.000504329,0,0,,
secondhand,7,0.000588384,-0.1,0.3,,
form,2,0.00016811,0,0,,
attempted,12,0.001008658,0,0,,
forgetful,1,8.40548E-05,-0.1,0.4,,
situationalrecent,1,8.40548E-05,0,0,,
elderly,1,8.40548E-05,0,0,,
Emotional,1,8.40548E-05,0,0.65,,
removed,1,8.40548E-05,0,0,,
TRUE,2,0.00016811,0.35,0.65,,
Left,1,8.40548E-05,0,0,,
absent,1,8.40548E-05,0,0,,
25th,1,8.40548E-05,0,0,,
isolative,1,8.40548E-05,0,0,,
121,1,8.40548E-05,0,0,,
emotional,28,0.002353535,0,0.65,,
panicky,1,8.40548E-05,0,0,,
penal,1,8.40548E-05,0,0,,
juvenile,11,0.000924603,-0.25,0.25,,
proud,3,0.000252164,0.8,1,,
YOUNG,20,0.001681096,0.1,0.4,,
promised,1,8.40548E-05,0,0,,
mediocre,1,8.40548E-05,-0.5,1,,
fraternal,3,0.000252164,0,0,,
physical,68,0.005715727,0,0.142857143,,
eventual,1,8.40548E-05,0,0,,
Traumatic,2,0.00016811,0,0,,
interested,16,0.001344877,0.25,0.5,,
molested,5,0.000420274,0,0,,
felt,1,8.40548E-05,0,0,,
2oz,1,8.40548E-05,0,0,,
intent,2,0.00016811,0,0,,
discharge,2,0.00016811,0,0,,
hurt,2,0.00016811,0,0,,
died,2,0.00016811,0,0,,
babysitting,4,0.000336219,0,0,,
toddleraged,1,8.40548E-05,0,0,,
bottom,1,8.40548E-05,0,0,,
daily,209,0.017567454,0,0,,
dilapidated,1,8.40548E-05,0,0,,
Second,1,8.40548E-05,0,0,,
amniotic,2,0.00016811,0,0,,
bulled,1,8.40548E-05,0,0,,
serious,16,0.001344877,-0.333333333,0.666666667,,
adult,1,8.40548E-05,0.1,0.3,,
18yo,2,0.00016811,0,0,,
remarkable,1,8.40548E-05,0.75,0.75,,
switched,1,8.40548E-05,0,0,,
skip,1,8.40548E-05,0,0,,
mild,9,0.000756493,0.333333333,0.5,,
18yr,1,8.40548E-05,0,0,,
youll,1,8.40548E-05,0,0,,
freelance,1,8.40548E-05,0,0,,
disgusting,2,0.00016811,-1,1,,
810,1,8.40548E-05,0,0,,
protective,9,0.000756493,0,0,,
flatbed,1,8.40548E-05,0,0,,
1sts,1,8.40548E-05,0,0,,
uneventful,1,8.40548E-05,0,0,,
1995,1,8.40548E-05,0,0,,
exact,3,0.000252164,0.25,0.25,,
margarita,1,8.40548E-05,0,0,,
respiratory,1,8.40548E-05,0,0,,
die,2,0.00016811,0,0,,
Northeastern,12,0.001008658,0,0,,
leave,1,8.40548E-05,0,0,,
shielded,1,8.40548E-05,0,0,,
quick,2,0.00016811,0.333333333,0.5,,
unaware,1,8.40548E-05,0,0.5,,
oneonone,1,8.40548E-05,0,0,,
upper,1,8.40548E-05,0,0,,
spiritual,1,8.40548E-05,0,0.133333333,,
unexpected,2,0.00016811,0.1,1,,
dealing,1,8.40548E-05,0,0,,
2month,1,8.40548E-05,0,0,,
helpless,3,0.000252164,0,0,,
Red,2,0.00016811,0,0,,
colic,1,8.40548E-05,0,0,,
stressful,19,0.001597041,0,0,,
contracted,1,8.40548E-05,0,0,,
current,63,0.005295453,0,0.4,,
520,1,8.40548E-05,0,0,,
unsure,14,0.001176767,0,0,,
1232,1,8.40548E-05,0,0,,
assertive,1,8.40548E-05,0,0,,
funeral,3,0.000252164,0,0,,
1oz,20,0.001681096,0,0,,
Kicked,1,8.40548E-05,0,0,,
English,1,8.40548E-05,0,0,,
My,7,0.000588384,0,0,,
wait,1,8.40548E-05,0,0,,
incoming,1,8.40548E-05,0,0,,
healthy,14,0.001176767,0.5,0.5,,
guilty,19,0.001597041,-0.5,1,,
somatic,1,8.40548E-05,0,0,,
diagnosed,1,8.40548E-05,0,0,,
weird,1,8.40548E-05,-0.5,1,,
teenage,3,0.000252164,0,0,,
love,1,8.40548E-05,0.5,0.6,,
preK,1,8.40548E-05,0,0,,
extra,9,0.000756493,0,0.1,,
bloody,1,8.40548E-05,-0.8,0.9,,
nonalcoholic,1,8.40548E-05,0,0,,
Enough,1,8.40548E-05,0,0.5,,
fake,5,0.000420274,-0.5,1,,
conjoint,2,0.00016811,0,0,,
LIBR,2,0.00016811,0,0,,
vivid,1,8.40548E-05,0.125,0.75,,
working,19,0.001597041,0,0,,
homesick,2,0.00016811,0,0,,
positive,47,0.003950576,0.227272727,0.545454545,,
angry,24,0.002017315,-0.5,1,,
live,2,0.00016811,0.136363636,0.5,,
sleeping,5,0.000420274,0,0,,
halfbrother,1,8.40548E-05,0,0,,
roxycodone,1,8.40548E-05,0,0,,
Died,1,8.40548E-05,0,0,,
loving,6,0.000504329,0.6,0.95,,
menstrual,4,0.000336219,0,0,,
apparent,2,0.00016811,0.05,0.35,,
5day,1,8.40548E-05,0,0,,
visual,1,8.40548E-05,0,0,,
commissioned,1,8.40548E-05,0,0,,
graphic,1,8.40548E-05,0,0.4,,
lifethreatening,1,8.40548E-05,0,0,,
premarital,1,8.40548E-05,0,0,,
interracial,1,8.40548E-05,0,0,,
hardest,1,8.40548E-05,0,0,,
9th,12,0.001008658,0,0,,
following,15,0.001260822,0,0.1,,
crazy,4,0.000336219,-0.6,0.9,,
Vietnamese,1,8.40548E-05,0,0,,
34XWeek,4,0.000336219,0,0,,
14g,2,0.00016811,0,0,,
allgirl,1,8.40548E-05,0,0,,
pink,1,8.40548E-05,-0.1,0.3,,
unlovable,1,8.40548E-05,0,0,,
productive,3,0.000252164,0,0,,
septic,1,8.40548E-05,0,0,,
immune,3,0.000252164,0,0,,
fourth,2,0.00016811,0,0,,
nonstop,1,8.40548E-05,0,0,,
overall,14,0.001176767,0,0,,
disgusted,1,8.40548E-05,-1,1,,
heartbreaking,1,8.40548E-05,0,0,,
mad,7,0.000588384,-0.625,1,,
cardiac,1,8.40548E-05,-0.05,0,,
such,27,0.00226948,0,0.5,,
eighth,6,0.000504329,0,0,,
natural,2,0.00016811,0.1,0.4,,
Restless,1,8.40548E-05,0,0,,
conscious,1,8.40548E-05,0.1,0.5,,
6th,15,0.001260822,0,0,,
fluent,2,0.00016811,0,0,,
swollen,1,8.40548E-05,0,0,,
typical,2,0.00016811,-0.166666667,0.5,,
cute,1,8.40548E-05,0.5,1,,
nearfatal,1,8.40548E-05,0,0,,
Powerhouse,1,8.40548E-05,0,0,,
Embalming,1,8.40548E-05,0,0,,
tubal,3,0.000252164,0,0,,
cold,4,0.000336219,-0.6,1,,
5075,1,8.40548E-05,0,0,,
avid,1,8.40548E-05,0.25,1,,
interesting,2,0.00016811,0.5,0.5,,
decreased,5,0.000420274,-0.4,0.7,,
troubled,3,0.000252164,-0.5,1,,
happened,4,0.000336219,0,0,,
lonely,10,0.000840548,-0.1,0.7,,
unplanned,3,0.000252164,0,0,,
civilian,1,8.40548E-05,0,0,,
moms,1,8.40548E-05,0,0,,
untimed,1,8.40548E-05,0,0,,
toxic,2,0.00016811,0,0,,
wealthy,1,8.40548E-05,0.5,1,,
killed,2,0.00016811,0,0,,
Infant,1,8.40548E-05,0,0,,
name,1,8.40548E-05,0,0,,
Southwestern,2,0.00016811,0,0,,
42year,1,8.40548E-05,0,0,,
30Current,1,8.40548E-05,0,0,,
tumultuous,2,0.00016811,0,0,,
precancerous,1,8.40548E-05,0,0,,
avoided,1,8.40548E-05,0,0,,
extroverted,1,8.40548E-05,0,0,,
3rd,57,0.004791124,0,0,,
OJA,1,8.40548E-05,0,0,,
slowprogressing,1,8.40548E-05,0,0,,
attended,9,0.000756493,0,0,,
seventh,5,0.000420274,0,0,,
lucrative,1,8.40548E-05,0,0,,
cough,4,0.000336219,0,0,,
ounceday,1,8.40548E-05,0,0,,
10mg,1,8.40548E-05,0,0,,
unpaid,6,0.000504329,0.2,0.4,,
mesh,1,8.40548E-05,0,0,,
undesirable,3,0.000252164,0,0,,
510,1,8.40548E-05,0,0,,
unborn,1,8.40548E-05,0,0,,
discontinued,2,0.00016811,0,0,,
frequent,12,0.001008658,0.1,0.3,,
first,401,0.033705976,0.25,0.333333333,,
exotic,3,0.000252164,0.5,1,,
1221,1,8.40548E-05,0,0,,
1yearold,1,8.40548E-05,0,0,,
nutritional,1,8.40548E-05,0,0,,
indecent,1,8.40548E-05,0,0,,
one,5,0.000420274,0,0,,
clumsy,1,8.40548E-05,-0.3,0.4,,
LortabsOxyContin,1,8.40548E-05,0,0,,
Paraprofessional,1,8.40548E-05,0,0,,
long,28,0.002353535,-0.05,0.4,,
suspended,5,0.000420274,0,0,,
impossible,4,0.000336219,-0.666666667,1,,
raped,1,8.40548E-05,0,0,,
open,8,0.000672438,0,0.5,,
pickingup,1,8.40548E-05,0,0,,
disinterested,3,0.000252164,0,0,,
little,23,0.00193326,-0.1875,0.5,,
silent,1,8.40548E-05,0,0.1,,
plastic,1,8.40548E-05,0,0,,
clinical,2,0.00016811,0,0,,
8month,1,8.40548E-05,0,0,,
1g,20,0.001681096,0,0,,
white,4,0.000336219,0,0,,
12XMonth,12,0.001008658,0,0,,
participated,1,8.40548E-05,0,0,,
speaking,1,8.40548E-05,0,0,,
paved,1,8.40548E-05,0,0,,
Keeping,1,8.40548E-05,0,0,,
continuous,2,0.00016811,0,0,,
released,7,0.000588384,0,0,,
ridiculous,1,8.40548E-05,-0.333333333,1,,
attempt,1,8.40548E-05,0,0,,
wide,1,8.40548E-05,-0.1,0.4,,
13,2,0.00016811,0,0,,
14,10,0.000840548,0,0,,
depressed,61,0.005127343,0,0,,
rival,2,0.00016811,0,0,,
transferred,1,8.40548E-05,0,0,,
karate,1,8.40548E-05,0,0,,
rehab,5,0.000420274,0,0,,
future,16,0.001344877,0,0.125,,
individualized,1,8.40548E-05,0,0,,
20s,5,0.000420274,0,0,,
10xyear,1,8.40548E-05,0,0,,
singlemother,1,8.40548E-05,0,0,,
sad,26,0.002185425,-0.5,1,,
Calm,5,0.000420274,0.3,0.75,,
insatiable,1,8.40548E-05,0,0,,
unsuitable,1,8.40548E-05,0,0,,
potential,1,8.40548E-05,0,1,,
online,32,0.002689754,0,0,,
interior,2,0.00016811,0,0,,
blunt,1,8.40548E-05,0,0,,
switching,1,8.40548E-05,0,0,,
sure,17,0.001428932,0.5,0.888888889,,
multiple,78,0.006556275,0,0,,
normal,38,0.003194083,0.15,0.65,,
Healthy,1,8.40548E-05,0.5,0.5,,
paid,1,8.40548E-05,0,0,,
37current,1,8.40548E-05,0,0,,
assault,15,0.001260822,0,0,,
Sporadic,2,0.00016811,0,0,,
DHS,3,0.000252164,0,0,,
surprising,1,8.40548E-05,0.7,0.5,,
average,10,0.000840548,-0.15,0.4,,
later,21,0.001765151,0,0,,
steady,6,0.000504329,0.166666667,0.5,,
halfsister,2,0.00016811,0,0,,
crooked,2,0.00016811,0,0.1,,
jittery,2,0.00016811,0,0,,
professional,9,0.000756493,0.1,0.1,,
senior,29,0.002437589,0,0,,
Substitute,1,8.40548E-05,0,0,,
walking,1,8.40548E-05,0,0,,
shot,6,0.000504329,0,0,,
aggressive,3,0.000252164,0,0,,
fifth,3,0.000252164,0,0,,
slow,2,0.00016811,-0.3,0.4,,
enough,18,0.001512986,0,0.5,,
dull,1,8.40548E-05,-0.291666667,0.5,,
only,62,0.005211398,0,1,,
black,8,0.000672438,-0.166666667,0.433333333,,
assistant,2,0.00016811,0,0,,
horrible,2,0.00016811,-1,1,,
unimportant,1,8.40548E-05,-0.4,0.95,,
hailed,1,8.40548E-05,0,0,,
Similar,1,8.40548E-05,0,0.4,,
secondary,1,8.40548E-05,-0.3,0.3,,
OffSeason,1,8.40548E-05,0,0,,
1824,1,8.40548E-05,0,0,,
worried,1,8.40548E-05,0,0,,
naked,1,8.40548E-05,0,0.4,,
stupid,10,0.000840548,-0.8,1,,
finishing,4,0.000336219,0,0,,
xmas,1,8.40548E-05,0,0,,
medicated,1,8.40548E-05,0,0,,
18present,1,8.40548E-05,0,0,,
committed,3,0.000252164,0,0,,
relative,2,0.00016811,0,0,,
asleep,5,0.000420274,0,0,,
underpaid,1,8.40548E-05,0,0,,
professed,1,8.40548E-05,0,0,,
federal,1,8.40548E-05,0,0,,
outside,34,0.002857863,0,0.05,,
herbal,1,8.40548E-05,0,0,,
reading,7,0.000588384,0,0,,
grandpas,1,8.40548E-05,0,0,,
parental,7,0.000588384,0,0,,
blame,1,8.40548E-05,0,0,,
Full,1,8.40548E-05,0.35,0.55,,
cervical,1,8.40548E-05,0,0,,
concentrated,1,8.40548E-05,0,0,,
talented,2,0.00016811,0.7,0.9,,
mono,1,8.40548E-05,0,0,,
23,8,0.000672438,0,0,,
Primary,2,0.00016811,0.4,0.5,,
s,3,0.000252164,0,0,,
dated,1,8.40548E-05,0,0,,
nearby,1,8.40548E-05,0,0,,
effective,1,8.40548E-05,0.6,0.8,,
60,4,0.000336219,0,0,,
twin,1,8.40548E-05,0,0,,
67,3,0.000252164,0,0,,
constant,22,0.001849206,0,0.333333333,,
runaway,5,0.000420274,0,0,,
fitful,4,0.000336219,0,0,,
divorcedsubject,1,8.40548E-05,0,0,,
capable,1,8.40548E-05,0.2,0.4,,
informed,1,8.40548E-05,0,0,,
extramarital,1,8.40548E-05,0,0,,
jerky,1,8.40548E-05,0,0,,
acro,1,8.40548E-05,0,0,,
followup,1,8.40548E-05,0,0,,
SECOND,1,8.40548E-05,0,0,,
dramatic,3,0.000252164,-0.433333333,0.6,,
standup,2,0.00016811,0,0,,
instant,1,8.40548E-05,0,0.666666667,,
attentive,4,0.000336219,0.4,0.9,,
former,6,0.000504329,0,0,,
1mg,1,8.40548E-05,0,0,,
tribal,1,8.40548E-05,0,0,,
single,14,0.001176767,-0.071428571,0.214285714,,
premature,18,0.001512986,0,0,,
handicapped,1,8.40548E-05,0,0,,
ongoing,3,0.000252164,0,0,,
many,40,0.003362192,0.5,0.5,,
stepfather,5,0.000420274,0,0,,
Open,1,8.40548E-05,0,0.5,,
bandmusic,1,8.40548E-05,0,0,,
unlikeable,1,8.40548E-05,0,0,,
Basketball,1,8.40548E-05,0,0,,
alcoholic,43,0.003614357,-0.25,0.5,,
engaged,1,8.40548E-05,0,0,,
quiet,3,0.000252164,0,0.333333333,,
middle,107,0.008993864,0,0,,
sudden,2,0.00016811,0,0.5,,
obnoxious,1,8.40548E-05,0,0,,
everyday,2,0.00016811,-0.2,0.6,,
different,105,0.008825754,0,0.6,,
harsh,2,0.00016811,-0.2,0.7,,
considerable,1,8.40548E-05,0.1,0.45,,
locking,1,8.40548E-05,0,0,,
same,111,0.009330083,0,0.125,,
thingshitting,1,8.40548E-05,0,0,,
NorcoLortabs,1,8.40548E-05,0,0,,
23XMonth,2,0.00016811,0,0,,
extended,4,0.000336219,0,0,,
tipsy,1,8.40548E-05,0,0,,
IP,1,8.40548E-05,0,0,,
oxycontin,1,8.40548E-05,0,0,,
passing,3,0.000252164,0,0,,
purposeful,1,8.40548E-05,0,0,,
magical,1,8.40548E-05,0.5,1,,
16th,1,8.40548E-05,0,0,,
accountable,2,0.00016811,0,0,,
Physical,2,0.00016811,0,0.142857143,,
outdoor,2,0.00016811,0,0,,
ninth,4,0.000336219,0,0,,
violent,15,0.001260822,-0.8,1,,
weekly,4,0.000336219,0,0,,
1st5th,1,8.40548E-05,0,0,,
womans,1,8.40548E-05,0,0,,
45current,4,0.000336219,0,0,,
heavier,2,0.00016811,0,0,,
joyful,1,8.40548E-05,0,0,,
scheduled,1,8.40548E-05,0,0,,
underaged,1,8.40548E-05,0,0,,
early,29,0.002437589,0.1,0.3,,
vague,1,8.40548E-05,-0.5,0.5,,
possessive,1,8.40548E-05,0,0,,
homeroom,1,8.40548E-05,0,0,,
maintained,3,0.000252164,0,0,,
served,6,0.000504329,0,0,,
nice,3,0.000252164,0.6,1,,
endorsed,2,0.00016811,0,0,,
verbal,30,0.002521644,0,0,,
2xmonth,1,8.40548E-05,0,0,,
demeaning,2,0.00016811,0,0,,
intact,2,0.00016811,0,0,,
developmental,3,0.000252164,0,0,,
legal,14,0.001176767,0.2,0.2,,
cannabis,3,0.000252164,0,0,,
critical,4,0.000336219,0,0.8,,
lunar,1,8.40548E-05,0,0,,
measuring,1,8.40548E-05,0,0,,
methamphetamine,3,0.000252164,0,0,,
welcome,1,8.40548E-05,0.8,0.9,,
uterine,1,8.40548E-05,0,0,,
sixth,1,8.40548E-05,0,0,,
equivalent,1,8.40548E-05,0,0,,
stepbrother,1,8.40548E-05,0,0,,
strained,3,0.000252164,0,0,,
broken,2,0.00016811,-0.4,0.4,,
fractured,3,0.000252164,0,0,,
23XWeek,7,0.000588384,0,0,,
leftover,1,8.40548E-05,0,0,,
exciting,1,8.40548E-05,0.3,0.8,,
3XWeek,5,0.000420274,0,0,,
favorite,4,0.000336219,0.5,1,,
benzos,1,8.40548E-05,0,0,,
supervised,10,0.000840548,0,0,,
mixed,15,0.001260822,0,0.25,,
lasting,1,8.40548E-05,0,0,,
partied,1,8.40548E-05,0,0,,
burning,1,8.40548E-05,0,0,,
No,3,0.000252164,0,0,,
6months,1,8.40548E-05,0,0,,
homeless,30,0.002521644,0,0,,
elementary,123,0.010338741,0.3,0.9,,
restless,3,0.000252164,0,0,,
Week,1,8.40548E-05,0,0,,
agoraphobic,1,8.40548E-05,0,0,,
detox,1,8.40548E-05,0,0,,
her,6,0.000504329,0,0,,
NA,2,0.00016811,0,0,,
34Xweek,3,0.000252164,0,0,,
strict,8,0.000672438,0,0,,
detectable,1,8.40548E-05,0,0,,
racist,3,0.000252164,0,0,,
low,56,0.004707069,0,0.3,,
redbull,1,8.40548E-05,0,0,,
allergic,2,0.00016811,0,0,,
miserable,5,0.000420274,-1,1,,
complete,9,0.000756493,0.1,0.4,,
motherly,1,8.40548E-05,0,0,,
manipulative,4,0.000336219,0,0,,
pitched,1,8.40548E-05,0,0,,
abused,4,0.000336219,0,0,,
shortterm,2,0.00016811,0,0,,
1020,1,8.40548E-05,0,0,,
atrisk,1,8.40548E-05,0,0,,
receptive,1,8.40548E-05,0,0,,
Moved,1,8.40548E-05,0,0,,
dirty,4,0.000336219,-0.6,0.8,,
sleazy,1,8.40548E-05,0,0,,
Special,2,0.00016811,0.357142857,0.571428571,,
1212,17,0.001428932,0,0,,
certain,21,0.001765151,0.214285714,0.571428571,,
moved,49,0.004118685,0,0,,
deep,5,0.000420274,0,0.4,,
fellow,4,0.000336219,0,0,,
file,1,8.40548E-05,0,0,,
Real,1,8.40548E-05,0.2,0.3,,
1ozXWeek,2,0.00016811,0,0,,
1year,3,0.000252164,0,0,,
tight,2,0.00016811,-0.178571429,0.285714286,,
valid,1,8.40548E-05,0,0,,
1115,1,8.40548E-05,0,0,,
poor,15,0.001260822,-0.4,0.6,,
briefly,1,8.40548E-05,0,0.333333333,,
obsessed,3,0.000252164,-0.5,1,,
separate,19,0.001597041,0,0,,
ElHi,2,0.00016811,0,0,,
important,4,0.000336219,0.4,1,,
CNC,1,8.40548E-05,0,0,,
unattractive,1,8.40548E-05,0,0,,
gastric,2,0.00016811,0,0,,
Mexican,2,0.00016811,0,0,,
4xmonth,1,8.40548E-05,0,0,,
fraudulent,1,8.40548E-05,0,0,,
mushroomsused,1,8.40548E-05,0,0,,
behavioral,13,0.001092712,0,0,,
numbing,2,0.00016811,0,0,,
ovary,2,0.00016811,0,0,,
oral,4,0.000336219,0,0,,
all,2,0.00016811,0,0,,
caused,3,0.000252164,0,0,,
messy,1,8.40548E-05,-0.2,0.4,,
follow,1,8.40548E-05,0,0,,
religious,6,0.000504329,0,0.25,,
dadabusive,1,8.40548E-05,0,0,,
shoplifted,1,8.40548E-05,0,0,,
foster,31,0.002605699,0,0,,
worse,3,0.000252164,-0.4,0.6,,
clubbed,3,0.000252164,0,0,,
1212Inc,2,0.00016811,0,0,,
carefree,1,8.40548E-05,0,0,,
fat,4,0.000336219,0,0,,
manageable,1,8.40548E-05,0,0,,
overprotective,1,8.40548E-05,0,0,,
prolonged,1,8.40548E-05,0,0,,
large,23,0.00193326,0.214285714,0.428571429,,
Maintained,1,8.40548E-05,0,0,,
small,34,0.002857863,-0.25,0.4,,
biological,47,0.003950576,0,0,,
anal,1,8.40548E-05,0,0,,
Participant,45,0.003782466,0,0,,
portable,1,8.40548E-05,0,0,,
past,33,0.002773809,-0.25,0.25,,
further,4,0.000336219,0,0.5,,
casual,1,8.40548E-05,-0.5,0.866666667,,
Receivable,1,8.40548E-05,0,0,,
usig,1,8.40548E-05,0,0,,
Tried,2,0.00016811,0,0,,
brief,14,0.001176767,0,0.333333333,,
public,99,0.008321426,0,0.066666667,,
outgoing,4,0.000336219,0,0,,
full,57,0.004791124,0.35,0.55,,
selective,1,8.40548E-05,0,0,,
interoffice,1,8.40548E-05,0,0,,
strong,12,0.001008658,0.433333333,0.733333333,,
prior,1,8.40548E-05,0,0,,
healthier,1,8.40548E-05,0,0,,
social,77,0.00647222,0.033333333,0.066666667,,
Aug,2,0.00016811,0,0,,
Slow,1,8.40548E-05,-0.3,0.4,,
trained,1,8.40548E-05,0,0,,
armed,10,0.000840548,0,0,,
Overall,34,0.002857863,0,0,,
umbilical,6,0.000504329,0,0,,
minor,6,0.000504329,-0.05,0.2,,
102015,1,8.40548E-05,0,0,,
tested,1,8.40548E-05,0,0,,
controlling,3,0.000252164,0,0,,
particular,3,0.000252164,0.166666667,0.333333333,,
Smoked,2,0.00016811,0,0,,
glad,2,0.00016811,0.5,1,,
34xmonth,1,8.40548E-05,0,0,,
selfowned,1,8.40548E-05,0,0,,
recall,5,0.000420274,0,0,,
reconstructive,4,0.000336219,0,0,,
SI,2,0.00016811,0,0,,
knocked,1,8.40548E-05,0,0,,
male,8,0.000672438,0,0.1,,
fundamentalist,1,8.40548E-05,0,0,,
embarrassing,2,0.00016811,0,0,,
stated,1,8.40548E-05,0,0,,
neglected,1,8.40548E-05,0,0,,
minimum,2,0.00016811,0,0,,
opana,1,8.40548E-05,0,0,,
huge,5,0.000420274,0.4,0.9,,
8xyear,1,8.40548E-05,0,0,,
awkward,5,0.000420274,-0.6,1,,
18oz,4,0.000336219,0,0,,
unattended,1,8.40548E-05,0,0,,
onoff,1,8.40548E-05,0,0,,
okay,2,0.00016811,0.5,0.5,,
tried,2,0.00016811,0,0,,
612,1,8.40548E-05,0,0,,
VoTech,1,8.40548E-05,0,0,,
malnourished,2,0.00016811,0,0,,
numb,16,0.001344877,-0.6,1,,
Liked,1,8.40548E-05,0.6,0.8,,
short,17,0.001428932,0,0.3,,
Sapulpa,1,8.40548E-05,0,0,,
crowded,4,0.000336219,0,0,,
overnight,5,0.000420274,0,0,,
MidHS,1,8.40548E-05,0,0,,
infant,1,8.40548E-05,0,0,,
help,2,0.00016811,0,0,,
finalized,1,8.40548E-05,0,0,,
developed,3,0.000252164,0.1,0.3,,
Same,2,0.00016811,0,0.125,,
disabled,2,0.00016811,-0.2,0.3,,
held,1,8.40548E-05,0,0,,
Jewish,1,8.40548E-05,0,0,,
upbreak,1,8.40548E-05,0,0,,
25,1,8.40548E-05,0,0,,
6th7th,1,8.40548E-05,0,0,,
Parental,1,8.40548E-05,0,0,,
1st4th,1,8.40548E-05,0,0,,
late,15,0.001260822,-0.3,0.6,,
cool,2,0.00016811,0.35,0.65,,
good,79,0.006640329,0.7,0.6,,
motivated,4,0.000336219,0,0,,
disrespectful,5,0.000420274,0,0,,
homicidal,1,8.40548E-05,0,0,,
primary,30,0.002521644,0.4,0.5,,
2xweek,4,0.000336219,0,0,,
oxford,1,8.40548E-05,0,0,,
pregnant,114,0.009582248,0.333333333,0.5,,
nauseous,1,8.40548E-05,0,0,,
2x,1,8.40548E-05,0,0,,
400mg,1,8.40548E-05,0,0,,
stopped,8,0.000672438,0,0,,
Lortab,2,0.00016811,0,0,,
12th,12,0.001008658,0,0,,
found,6,0.000504329,0,0,,
¾,1,8.40548E-05,0,0,,
intolerable,1,8.40548E-05,0,0,,
AO565,1,8.40548E-05,0,0,,
heavy,6,0.000504329,-0.2,0.5,,
harm,1,8.40548E-05,0,0,,
fragile,2,0.00016811,0,0.5,,
teachingsubject,1,8.40548E-05,0,0,,
mental,32,0.002689754,-0.1,0.2,,
Marijuanalast,1,8.40548E-05,0,0,,
hard,32,0.002689754,-0.291666667,0.541666667,,
finish,1,8.40548E-05,0,0,,
Lowest,2,0.00016811,0,0,,
missed,3,0.000252164,0,0,,
electronic,1,8.40548E-05,0,0,,
acting,1,8.40548E-05,0,0,,
tiresome,1,8.40548E-05,-0.5,1,,
ED,1,8.40548E-05,0,0,,
pleasant,4,0.000336219,0.733333333,0.966666667,,
base,1,8.40548E-05,-0.8,1,,
3xyear,1,8.40548E-05,0,0,,
31917,1,8.40548E-05,0,0,,
onsite,1,8.40548E-05,0,0,,
terrible,5,0.000420274,-1,1,,
major,65,0.005463562,0.0625,0.5,,
unhealthy,7,0.000588384,-0.4,0.7,,
feel,9,0.000756493,0,0,,
belligerent,1,8.40548E-05,0,0,,
Indian,6,0.000504329,0,0,,
blank,1,8.40548E-05,0,0,,
miss,1,8.40548E-05,0,0,,
Lortabs,10,0.000840548,0,0,,
bloodied,1,8.40548E-05,0,0,,
5th,33,0.002773809,0,0,,
obtainable,1,8.40548E-05,0,0,,
bedridden,1,8.40548E-05,0,0,,
regained,1,8.40548E-05,0,0,,
selling,3,0.000252164,0,0,,
Dangerous,2,0.00016811,-0.6,0.9,,
helpful,15,0.001260822,0,0,,
immediate,1,8.40548E-05,0,0,,
peaked,2,0.00016811,0,0,,
ungrateful,1,8.40548E-05,0,0,,
double,2,0.00016811,0,0,,
familys,7,0.000588384,0,0,,
sentenced,2,0.00016811,0,0,,
Lortab152010mg,1,8.40548E-05,0,0,,
suspicious,2,0.00016811,0,0,,
Current,5,0.000420274,0,0.4,,
substantial,1,8.40548E-05,0,0,,
34XMonth,3,0.000252164,0,0,,
severe,27,0.00226948,0,0,,
internal,2,0.00016811,0,0,,
generalized,2,0.00016811,0,0,,
frail,1,8.40548E-05,0,0,,
experienced,7,0.000588384,0.8,0.9,,
12mg,1,8.40548E-05,0,0,,
promiscuous,2,0.00016811,0,0,,
Chief,2,0.00016811,0,0,,
significant,38,0.003194083,0.375,0.875,,
LEEP,1,8.40548E-05,0,0,,
unsupervised,7,0.000588384,0,0,,
mobile,1,8.40548E-05,0,0,,
clear,6,0.000504329,0.1,0.383333333,,
exs,2,0.00016811,0,0,,
clean,21,0.001765151,0.366666667,0.7,,
packof,1,8.40548E-05,0,0,,
charged,1,8.40548E-05,0,0,,
hyper,1,8.40548E-05,0,0,,
5lbs,1,8.40548E-05,0,0,,
660,1,8.40548E-05,0,0,,
fine,5,0.000420274,0.416666667,0.5,,
overwhelmed,10,0.000840548,0,0,,
distressing,13,0.001092712,0,0,,
reoccurring,1,8.40548E-05,0,0,,
nervous,6,0.000504329,0,0,,
12Xweek,1,8.40548E-05,0,0,,
unhappy,20,0.001681096,-0.6,0.9,,
failed,3,0.000252164,-0.5,0.3,,
pretty,7,0.000588384,0.25,1,,
congestive,2,0.00016811,0,0,,
unchaperoned,1,8.40548E-05,0,0,,
legible,1,8.40548E-05,0.2,0.6,,
valuable,1,8.40548E-05,0,0,,
frightening,1,8.40548E-05,-0.5,1,,
untreated,1,8.40548E-05,0,0,,
Olympic,4,0.000336219,0,0,,
fiancé,1,8.40548E-05,0,0,,
oxy,2,0.00016811,0,0,,
transitional,1,8.40548E-05,0,0,,
consensual,2,0.00016811,0,0,,
cry,1,8.40548E-05,0,0,,
spiked,1,8.40548E-05,0,0,,
common,4,0.000336219,-0.3,0.5,,
x,12,0.001008658,0,0,,
dump,1,8.40548E-05,0,0,,
30day,3,0.000252164,0,0,,
individual,24,0.002017315,0,0.4,,
dumb,1,8.40548E-05,-0.375,0.5,,
close,108,0.009077919,0,0,,
11th,12,0.001008658,0,0,,
Para,1,8.40548E-05,0,0,,
830th,1,8.40548E-05,0,0,,
degrading,1,8.40548E-05,0,0,,
various,29,0.002437589,0,0.5,,
livein,1,8.40548E-05,0,0,,
distraught,1,8.40548E-05,-0.6,1,,
wifes,4,0.000336219,0,0,,
numerous,13,0.001092712,0,0.5,,
6yo,2,0.00016811,0,0,,
15th,5,0.000420274,0,0,,
available,3,0.000252164,0.4,0.4,,
unconscious,3,0.000252164,0,0,,
missing,2,0.00016811,-0.2,0.05,,
sole,3,0.000252164,0,0.25,,
ulcerative,1,8.40548E-05,0,0,,
unstoppable,1,8.40548E-05,0,0,,
shortlived,1,8.40548E-05,0,0,,
African,1,8.40548E-05,0,0,,
selfconscious,1,8.40548E-05,0,0,,
c,1,8.40548E-05,0,0,,
feeling,13,0.001092712,0,0,,
last,132,0.011095234,0,0.066666667,,
hesitant,1,8.40548E-05,0,0,,
influential,1,8.40548E-05,0,0,,
tapered,2,0.00016811,0,0,,
sensitive,5,0.000420274,0.1,0.9,,
marriagein,1,8.40548E-05,0,0,,
alot,1,8.40548E-05,0,0,,
25current,3,0.000252164,0,0,,
whole,12,0.001008658,0.2,0.4,,
waitressing,1,8.40548E-05,0,0,,
pack1,1,8.40548E-05,0,0,,
drunk,32,0.002689754,-0.5,1,,
simple,1,8.40548E-05,0,0.357142857,,
sweet,3,0.000252164,0.35,0.65,,
newborn,4,0.000336219,0,0,,
unsuccessful,3,0.000252164,0,0,,
weekendroutine,1,8.40548E-05,0,0,,
expensive,3,0.000252164,-0.5,0.7,,
30mg,1,8.40548E-05,0,0,,
worthless,8,0.000672438,-0.8,0.9,,
described,1,8.40548E-05,0,0,,
underage,2,0.00016811,0,0,,
due,325,0.027317811,-0.125,0.375,,
25day,1,8.40548E-05,0,0,,
secret,1,8.40548E-05,-0.4,0.7,,
collected,1,8.40548E-05,0,0,,
intrusive,2,0.00016811,0,0,,
extreme,5,0.000420274,-0.125,1,,
meeting,1,8.40548E-05,0,0,,
empty,2,0.00016811,-0.1,0.5,,
gay,14,0.001176767,0.416666667,0.583333333,,
crack,1,8.40548E-05,0,0,,
39,1,8.40548E-05,0,0,,
else,3,0.000252164,0,0,,
disruptive,1,8.40548E-05,0,0,,
stolen,13,0.001092712,0,0,,
uncertain,4,0.000336219,0,0,,
frozen,1,8.40548E-05,0,0,,
technical,2,0.00016811,0,0.1,,
pressed,1,8.40548E-05,0,0,,
probationary,1,8.40548E-05,0,0,,
32,2,0.00016811,0,0,,
real,14,0.001176767,0.2,0.3,,
approximate,1,8.40548E-05,-0.4,0.6,,
sonic,1,8.40548E-05,0,0,,
averaging,1,8.40548E-05,0,0,,
disappointing,1,8.40548E-05,-0.6,0.7,,
101916,1,8.40548E-05,0,0,,
ready,12,0.001008658,0.2,0.5,,
funny,2,0.00016811,0.25,1,,
lengthy,1,8.40548E-05,0,0,,
clerical,1,8.40548E-05,0,0,,
12pack,6,0.000504329,0,0,,
benign,2,0.00016811,0,0,,
colorectal,1,8.40548E-05,0,0,,
grand,5,0.000420274,0.5,1,,
used,24,0.002017315,0,0,,
temporary,5,0.000420274,0,0,,
fatty,1,8.40548E-05,-0.2,0.4,,
unlabeled,1,8.40548E-05,0,0,,
overweight,5,0.000420274,0,0,,
alert,1,8.40548E-05,0,0,,
Zoloft,1,8.40548E-05,0,0,,
cleaning,1,8.40548E-05,0,0,,
Charged,1,8.40548E-05,0,0,,
dark,5,0.000420274,-0.15,0.4,,
surrogate,1,8.40548E-05,0,0,,
codeine,2,0.00016811,0,0,,
loathsome,1,8.40548E-05,0,0,,
edgy,1,8.40548E-05,-0.3,0.75,,
concrete,1,8.40548E-05,0.15,0.3,,
Nitrous,2,0.00016811,0,0,,
competitive,7,0.000588384,0,0,,
irritable,17,0.001428932,0,0,,
useful,1,8.40548E-05,0.3,0,,
alternative,9,0.000756493,0,0,,
profitable,2,0.00016811,0,0,,
1xmonth,1,8.40548E-05,0,0,,
alternate,1,8.40548E-05,0,0,,
recommended,1,8.40548E-05,0,0,,
pronouncing,1,8.40548E-05,0,0,,
impoverished,1,8.40548E-05,0,0,,
administrative,4,0.000336219,0,0,,
excited,2,0.00016811,0.375,0.75,,
surprised,1,8.40548E-05,0.1,0.9,,
useless,2,0.00016811,-0.5,0.2,,
Last,16,0.001344877,0,0.066666667,,
big,7,0.000588384,0,0.1,,
ambien,2,0.00016811,0,0,,
apt,4,0.000336219,0.6,1,,
Behavioral,1,8.40548E-05,0,0,,
namecalling,1,8.40548E-05,0,0,,
moody,2,0.00016811,0,0,,
OK,15,0.001260822,0.5,0.5,,
cognitive,2,0.00016811,0,0,,
confront,1,8.40548E-05,0,0,,
OD,1,8.40548E-05,0,0,,
unstable,5,0.000420274,0,0,,
popular,5,0.000420274,0.6,0.9,,
1412,2,0.00016811,0,0,,
rheumatoid,1,8.40548E-05,0,0,,
OP,10,0.000840548,0,0,,
1st,56,0.004707069,0,0,,
back,25,0.00210137,0,0,,
underdeveloped,1,8.40548E-05,0,0,,
martial,2,0.00016811,0,0,,
added,1,8.40548E-05,0,0,,
pale,1,8.40548E-05,-0.21,0.18,,
amicable,1,8.40548E-05,0,0,,
pronounced,2,0.00016811,0,0,,
Robbed,1,8.40548E-05,0,0,,
adoptive,13,0.001092712,0,0,,
bogus,2,0.00016811,0,0,,
minimal,1,8.40548E-05,-0.1,0.6,,
patient,1,8.40548E-05,0,0,,
6month,1,8.40548E-05,0,0,,
step,1,8.40548E-05,0,0,,
Lumpurian,1,8.40548E-05,0,0,,
intense,6,0.000504329,0.2,1,,
35current,4,0.000336219,0,0,,
wouldnt,1,8.40548E-05,0,0,,
stricken,1,8.40548E-05,0,0,,
outsideoutdoor,1,8.40548E-05,0,0,,
abusive,177,0.0148777,0,0,,
Intensive,1,8.40548E-05,0,0,,
genital,1,8.40548E-05,0,0,,
Eclectic,2,0.00016811,0,0,,
Normal,4,0.000336219,0.15,0.65,,
spending,5,0.000420274,0,0,,
fast,5,0.000420274,0.2,0.6,,
baggy,1,8.40548E-05,0,0,,
bored,1,8.40548E-05,-0.5,1,,
mundane,1,8.40548E-05,-0.166666667,0.166666667,,
collapsed,1,8.40548E-05,0,0,,
Severe,1,8.40548E-05,0,0,,
sick,19,0.001597041,-0.714285714,0.857142857,,
junior,11,0.000924603,0,0,,
k8th,1,8.40548E-05,0,0,,
mature,1,8.40548E-05,0.1,0.1,,
similar,4,0.000336219,0,0.4,,
ANXIETY,1,8.40548E-05,0,0,,
articular,1,8.40548E-05,0,0,,
unsafe,4,0.000336219,0,0,,
Outside,1,8.40548E-05,0,0.05,,
VicePresident,1,8.40548E-05,0,0,,
4xweek,1,8.40548E-05,0,0,,
2yearsold,1,8.40548E-05,0,0,,
occasional,10,0.000840548,0,0.125,,
paniclike,1,8.40548E-05,0,0,,
electrical,5,0.000420274,0,0,,
artistic,1,8.40548E-05,0.333333333,1,,
AA,20,0.001681096,0,0,,
accidental,5,0.000420274,0,0,,
symptomatic,1,8.40548E-05,0,0,,
intensified,2,0.00016811,0,0,,
drag,1,8.40548E-05,-0.1,0.070833333,,
Aa,1,8.40548E-05,0,0,,
neglectful,6,0.000504329,0,0,,
37Subject,1,8.40548E-05,0,0,,
downcast,1,8.40548E-05,0,0,,
required,3,0.000252164,0,0,,
2002,1,8.40548E-05,0,0,,
2003,2,0.00016811,0,0,,
2006,2,0.00016811,0,0,,
enrolled,7,0.000588384,0,0,,
fresh,3,0.000252164,0.3,0.5,,
48hr,1,8.40548E-05,0,0,,
partial,3,0.000252164,-0.1,0.3,,
enjoyable,2,0.00016811,0.5,0.6,,
23xweek,1,8.40548E-05,0,0,,
strep,1,8.40548E-05,0,0,,
contacted,1,8.40548E-05,0,0,,
concerned,2,0.00016811,0,0,,
young,15,0.001260822,0.1,0.4,,
intensive,1,8.40548E-05,0,0,,
culinary,1,8.40548E-05,0,0,,
stable,5,0.000420274,0,0,,
automotive,1,8.40548E-05,0,0,,
45Subject,1,8.40548E-05,0,0,,
romantic,7,0.000588384,0,0.5,,
drinking,7,0.000588384,0,0,,
continued,6,0.000504329,0,0,,
entire,41,0.003446247,0,0.625,,
stepgrandfather,1,8.40548E-05,0,0,,
1060,1,8.40548E-05,0,0,,
anxious,55,0.004623014,-0.25,1,,
Currently,8,0.000672438,0,0.4,,
video,2,0.00016811,0,0,,
uncomfortable,8,0.000672438,-0.5,1,,
odd,6,0.000504329,-0.166666667,0.25,,
find,2,0.00016811,0,0,,
Assault,1,8.40548E-05,0,0,,
volatile,6,0.000504329,0,0,,
pillsor,1,8.40548E-05,0,0,,
50th,1,8.40548E-05,0,0,,
bulimic,1,8.40548E-05,0,0,,
punch,2,0.00016811,0,0,,
desired,2,0.00016811,0,0,,
17yearold,1,8.40548E-05,0,0,,
irritating,1,8.40548E-05,-0.4,0.8,,
Oppositional,1,8.40548E-05,0,0,,
great,22,0.001849206,0.8,0.75,,
distressed,3,0.000252164,0,0,,
involved,18,0.001512986,0,0,,
opiate,5,0.000420274,0,0,,
36,1,8.40548E-05,0,0,,
35,2,0.00016811,0,0,,
34,8,0.000672438,0,0,,
paranoid,5,0.000420274,0,0,,
honor,1,8.40548E-05,0,0,,
bare,1,8.40548E-05,0.05,0.1,,
abusivedysfunctional,1,8.40548E-05,0,0,,
manage,1,8.40548E-05,0,0,,
private,39,0.003278137,0,0.375,,
332,1,8.40548E-05,0,0,,
singing,1,8.40548E-05,0,0,,
cloud,1,8.40548E-05,0,0,,
unprovoked,2,0.00016811,0,0,,
AQ928,1,8.40548E-05,0,0,,
use,4,0.000336219,0,0,,
illegal,5,0.000420274,-0.5,0.5,,
next,20,0.001681096,0,0,,
few,100,0.00840548,-0.2,0.1,,
1XWeek,1,8.40548E-05,0,0,,
upcoming,1,8.40548E-05,0,0,,
started,3,0.000252164,0,0,,
occurred,2,0.00016811,0,0,,
bodily,1,8.40548E-05,0,0.1,,
ashamed,2,0.00016811,0,0,,
tattered,2,0.00016811,0,0,,
rare,9,0.000756493,0.3,0.9,,
unfaithful,4,0.000336219,-0.6,0.9,,
unarmed,1,8.40548E-05,0,0,,
240mg,1,8.40548E-05,0,0,,
thin,1,8.40548E-05,-0.4,0.85,,
control,2,0.00016811,0,0,,
bittersweet,1,8.40548E-05,0,0,,
HIs,1,8.40548E-05,0,0,,
OxyContinOxycodone,2,0.00016811,0,0,,
high,332,0.027906195,0.16,0.54,,
serial,1,8.40548E-05,0,0,,
Several,9,0.000756493,0,0,,
counterfeit,2,0.00016811,0,0,,
varied,1,8.40548E-05,0,0,,
fortunate,1,8.40548E-05,0.4,0.7,,
LSDacid,1,8.40548E-05,0,0,,
overanalyzing,1,8.40548E-05,0,0,,
elliptical,2,0.00016811,0,0,,
panic,28,0.002353535,0,0,,
maternal,83,0.006976549,0,0,,
attend,3,0.000252164,0,0,,
80mg,1,8.40548E-05,0,0,,
12XWeek,5,0.000420274,0,0,,
impulsive,5,0.000420274,0,0,,
fiancés,2,0.00016811,0,0,,
psychiatric,24,0.002017315,0,0,,
2123,1,8.40548E-05,0,0,,
22nd,1,8.40548E-05,0,0,,
light,1,8.40548E-05,0.4,0.7,,
counter,1,8.40548E-05,0,0,,
interrupted,1,8.40548E-05,0,0,,
detoxshort,1,8.40548E-05,0,0,,
Middle,5,0.000420274,0,0,,
furious,1,8.40548E-05,0,0,,
Catholic,3,0.000252164,0,0.1,,
rebellious,6,0.000504329,0,0,,
mentioned,1,8.40548E-05,0,0,,
12Xmonth,1,8.40548E-05,0,0,,
operative,1,8.40548E-05,0,0,,
gestational,2,0.00016811,0,0,,
superior,1,8.40548E-05,0.7,0.9,,
Maternal,7,0.000588384,0,0,,
winning,1,8.40548E-05,0.5,0.75,,
72HR,1,8.40548E-05,0,0,,
permanent,2,0.00016811,0,0,,
2014,3,0.000252164,0,0,,
2017,2,0.00016811,0,0,,
criminal,4,0.000336219,-0.4,0.55,,
pending,1,8.40548E-05,0,0,,
2012,3,0.000252164,0,0,,
Loved,1,8.40548E-05,0.7,0.8,,
Significant,4,0.000336219,0.375,0.875,,
Hungry,1,8.40548E-05,0,0,,
LPN,4,0.000336219,0,0,,
asprin,1,8.40548E-05,0,0,,
front,5,0.000420274,0,0,,
fled,1,8.40548E-05,0,0,,
preschool,20,0.001681096,0,0,,
contagious,1,8.40548E-05,0,0,,
Iraqi,2,0.00016811,0,0,,
unpredictable,1,8.40548E-05,-0.166666667,1,,
Witnessed,1,8.40548E-05,0,0,,
related,12,0.001008658,0,0.4,,
aggravated,2,0.00016811,0,0,,
Bipolar,1,8.40548E-05,0,0,,
fiancée,1,8.40548E-05,0,0,,
meth,42,0.003530302,0,0,,
tenth,1,8.40548E-05,0,0,,
special,16,0.001344877,0.357142857,0.571428571,,
nondenominational,2,0.00016811,0,0,,
borderline,1,8.40548E-05,0,0,,
unlawful,5,0.000420274,0,0,,
situational,2,0.00016811,0,0,,
honorable,1,8.40548E-05,0,0,,
electronics,1,8.40548E-05,0,0,,
¼,3,0.000252164,0,0,,
red,2,0.00016811,0,0,,
fullterm,1,8.40548E-05,0,0,,
humiliating,2,0.00016811,0,0,,
WOL,1,8.40548E-05,0,0,,
scary,5,0.000420274,-0.5,1,,
pancreatic,1,8.40548E-05,0,0,,
hostile,1,8.40548E-05,0,0,,
intoxicated,14,0.001176767,0,0,,
retail,11,0.000924603,0,0,,
Enjoyed,1,8.40548E-05,0.5,0.7,,
absencetardy,1,8.40548E-05,0,0,,
embarrassed,2,0.00016811,0,0,,
eleventh,3,0.000252164,0,0,,
Adderall,8,0.000672438,0,0,,
North,1,8.40548E-05,0,0,,
unknown,9,0.000756493,-0.1,0.6,,
adopted,4,0.000336219,0,0,,
mal,1,8.40548E-05,0,0,,
½,29,0.002437589,0,0,,
final,9,0.000756493,0,1,,
prone,1,8.40548E-05,0,0,,
DUI,12,0.001008658,0,0,,
Actual,1,8.40548E-05,0,0.1,,
completed,6,0.000504329,0,0,,
environmental,2,0.00016811,0,0,,
fuzzy,1,8.40548E-05,0,0,,
overwhelming,2,0.00016811,0.5,1,,
babys,1,8.40548E-05,0,0,,
punctured,1,8.40548E-05,0,0,,
visited,2,0.00016811,0,0,,
13xweek,1,8.40548E-05,0,0,,
FALSE,16,0.001344877,-0.4,0.6,,
trusting,1,8.40548E-05,0,0,,
comfortable,5,0.000420274,0.4,0.8,,
gentle,1,8.40548E-05,0.2,0.8,,
Other,3,0.000252164,-0.125,0.375,,
have,2,0.00016811,0,0,,
disturbing,1,8.40548E-05,-0.5,0.8,,
unbearable,3,0.000252164,0,0,,
afraid,15,0.001260822,-0.6,0.9,,
skillful,1,8.40548E-05,0,0,,
able,107,0.008993864,0.5,0.625,,
mid,4,0.000336219,0,0,,
pivotal,1,8.40548E-05,0.5,0.8,,
neighboring,1,8.40548E-05,0,0,,
5,1,8.40548E-05,0,0,,
upset,2,0.00016811,0,0,,
Claremore,2,0.00016811,0,0,,
Oxycodone,4,0.000336219,0,0,,
occasion,2,0.00016811,0,0,,
skinny,2,0.00016811,0,0,,
biked,1,8.40548E-05,0,0,,
tearful,11,0.000924603,0,0,,
parked,2,0.00016811,0,0,,
12XYear,1,8.40548E-05,0,0,,
12x,1,8.40548E-05,0,0,,
rough,2,0.00016811,-0.1,0.4,,
trivial,1,8.40548E-05,0,0,,
12oz,1,8.40548E-05,0,0,,
hopeful,11,0.000924603,0,0,,
local,18,0.001512986,0,0,,
distressful,6,0.000504329,0,0,,
coworker,2,0.00016811,0,0,,
joint,59,0.004959233,0,0,,
122,1,8.40548E-05,0,0,,
familial,1,8.40548E-05,0,0,,
Once,2,0.00016811,0,0,,
unauthorized,11,0.000924603,0,0,,
shy,7,0.000588384,-0.5,0.5,,
married,35,0.002941918,0.25,0.25,,
dangerous,5,0.000420274,-0.6,0.9,,
Lexapro,3,0.000252164,0,0,,
groggy,1,8.40548E-05,0,0,,
freeze,1,8.40548E-05,0,0,,
unmedicated,3,0.000252164,0,0,,
accused,1,8.40548E-05,0,0,,
momgrandma,1,8.40548E-05,0,0,,
desperate,1,8.40548E-05,-0.6,1,,
progressive,1,8.40548E-05,0,0,,
Protective,1,8.40548E-05,0,0,,
PT,2,0.00016811,0,0,,
placed,1,8.40548E-05,0,0,,
clearing,1,8.40548E-05,0,0,,
closed,2,0.00016811,-0.1,0.1,,
routine,10,0.000840548,0,0,,
frustrated,4,0.000336219,-0.7,0.2,,
perfect,2,0.00016811,1,1,,
onetime,2,0.00016811,0,0,,
Diagnosed,1,8.40548E-05,0,0,,
Stepfather,1,8.40548E-05,0,0,,
optional,1,8.40548E-05,0,0,,
hits,1,8.40548E-05,0,0,,
4subject,1,8.40548E-05,0,0,,
splotchy,1,8.40548E-05,0,0,,
fulfilled,1,8.40548E-05,0,0,,
etc,2,0.00016811,0,0,,
Meth,8,0.000672438,0,0,,
6xyear,1,8.40548E-05,0,0,,
teasing,3,0.000252164,0,0,,
Moderate,6,0.000504329,0,0.7,,
tremendous,1,8.40548E-05,0.333333333,1,,
decent,2,0.00016811,0.166666667,0.666666667,,
29year,1,8.40548E-05,0,0,,
willing,2,0.00016811,0.25,0.75,,
homosexual,1,8.40548E-05,0,0,,
controlled,3,0.000252164,0,0,,
halfmaternal,1,8.40548E-05,0,0,,
250mg,1,8.40548E-05,0,0,,
finished,3,0.000252164,0,0,,
tense,6,0.000504329,-0.333333333,0.5,,
consecutive,3,0.000252164,0,0,,
general,7,0.000588384,0.05,0.5,,
present,19,0.001597041,0,0,,
main,2,0.00016811,0.166666667,0.333333333,,
abandoned,2,0.00016811,0,0,,
fearful,10,0.000840548,-0.9,1,,
age34,1,8.40548E-05,0,0,,
nonprescibed,1,8.40548E-05,0,0,,
CDS,1,8.40548E-05,0,0,,
wild,1,8.40548E-05,0.1,0.4,,
valedictorian,3,0.000252164,0,0,,
1512,1,8.40548E-05,0,0,,
chaotic,4,0.000336219,0,0,,
helped,1,8.40548E-05,0,0,,
dual,1,8.40548E-05,0,0,,
undiagnosed,1,8.40548E-05,0,0,,
colostomy,1,8.40548E-05,0,0,,
Becky,1,8.40548E-05,0,0,,
cross,1,8.40548E-05,0,0,,
defiant,1,8.40548E-05,0,0,,
adverse,2,0.00016811,0,0,,
fallopian,1,8.40548E-05,0,0,,
forgedinvalid,1,8.40548E-05,0,0,,
twelfth,1,8.40548E-05,0,0,,
difficult,89,0.007480878,-0.5,1,,
injured,4,0.000336219,0,0,,
Third,1,8.40548E-05,0,0,,
drink,3,0.000252164,0,0,,
preteen,1,8.40548E-05,0,0,,
breech,3,0.000252164,0,0,,
soph,1,8.40548E-05,0,0,,
off,15,0.001260822,0,0,,
fighting,11,0.000924603,0,0,,
audio,1,8.40548E-05,0,0,,
fetal,1,8.40548E-05,0,0,,
excessive,4,0.000336219,-0.25,1,,
finical,1,8.40548E-05,0,0,,
domestic,14,0.001176767,0,0.1,,
otherswitness,1,8.40548E-05,0,0,,
2XMonth,1,8.40548E-05,0,0,,
distant,3,0.000252164,-0.1,0.35,,
rapid,1,8.40548E-05,0,0,,
residential,5,0.000420274,0,0,,
arrest,12,0.001008658,-0.05,0,,
other,195,0.016390687,-0.125,0.375,,
attractive,1,8.40548E-05,0.8,1,,
wet,3,0.000252164,-0.1,0.4,,
warrant,1,8.40548E-05,0,0,,
smart,4,0.000336219,0.214285714,0.642857143,,
identical,2,0.00016811,0,0,,
Misty,1,8.40548E-05,0,0,,
increased,8,0.000672438,0,0,,
neardeath,1,8.40548E-05,0,0,,
crushed,1,8.40548E-05,-0.1,0.1,,
Drug,2,0.00016811,0,0,,
historic,1,8.40548E-05,0,0,,
necessary,1,8.40548E-05,0,1,,
like,2,0.00016811,0,0,,
perpetual,1,8.40548E-05,0,0,,
admitted,1,8.40548E-05,0,0,,
therapeutic,2,0.00016811,0,0,,
shed,1,8.40548E-05,0,0,,
scared,9,0.000756493,0,0,,
gustnado,1,8.40548E-05,0,0,,
supportive,13,0.001092712,0.5,1,,
leery,1,8.40548E-05,0,0,,
traumatic,18,0.001512986,0,0,,
OSU,2,0.00016811,0,0,,
14th,8,0.000672438,0,0,,
Oxycontin,1,8.40548E-05,0,0,,
masked,1,8.40548E-05,0,0,,
1xweek,1,8.40548E-05,0,0,,
blurry,1,8.40548E-05,0,0,,
regain,1,8.40548E-05,0,0,,
slight,1,8.40548E-05,-0.166666667,0.166666667,,
combative,1,8.40548E-05,0,0,,
caringloving,1,8.40548E-05,0,0,,
51010mg,1,8.40548E-05,0,0,,
actual,5,0.000420274,0,0.1,,
spilled,1,8.40548E-05,0,0,,
compatible,2,0.00016811,0,0,,
introduced,1,8.40548E-05,0,0,,
UA,1,8.40548E-05,0,0,,
own,69,0.005799781,0.6,1,,
gymnastic,1,8.40548E-05,0,0,,
chronic,4,0.000336219,0,0,,
female,13,0.001092712,0,0.166666667,,
lawful,1,8.40548E-05,0,0,,
MyrnaBiological,1,8.40548E-05,0,0,,
additional,20,0.001681096,0,0,,
adolescent,3,0.000252164,0,0,,
noticed,3,0.000252164,0,0,,
continental,1,8.40548E-05,0,0,,
inner,2,0.00016811,0,0.166666667,,
uncontrollable,1,8.40548E-05,0,0,,
hx,1,8.40548E-05,0,0,,
cosmopolitan,1,8.40548E-05,0,0.1,,
triggered,1,8.40548E-05,0,0,,
36th,1,8.40548E-05,0,0,,
neutral,5,0.000420274,0,0,,
eat,2,0.00016811,0,0,,
wish,1,8.40548E-05,0,0,,
centerboot,1,8.40548E-05,0,0,,
converted,1,8.40548E-05,0,0,,
WIR,1,8.40548E-05,0,0,,
ex,4,0.000336219,0,0,,
obese,1,8.40548E-05,0,0,,
inadequate,1,8.40548E-05,0,0,,
fleeting,4,0.000336219,0,0,,
mutual,3,0.000252164,0,0,,
deadly,4,0.000336219,-0.2,0.4,,
45,2,0.00016811,0,0,,
midwifery,1,8.40548E-05,0,0,,
agoraphobia,1,8.40548E-05,0,0,,
recentlytrouble,1,8.40548E-05,0,0,,
Memorable,1,8.40548E-05,0.5,1,,
gifted,3,0.000252164,0.5,1,,
Lost,2,0.00016811,0,0,,
living,18,0.001512986,0,0,,
xanax,2,0.00016811,0,0,,
closesubject,1,8.40548E-05,0,0,,
South,1,8.40548E-05,0,0,,
parttime,4,0.000336219,0,0,,
prevalent,2,0.00016811,0,0,,
atheist,1,8.40548E-05,0,0,,
persistent,1,8.40548E-05,0,0,,
Private,1,8.40548E-05,0,0.375,,
Spanish,2,0.00016811,0,0,,
rural,1,8.40548E-05,0,0,,
8th,43,0.003614357,0,0,,
